residue,codon,freq
F,TTT,0.59
F,TTC,0.41
L,TTA,0.28
L,TTG,0.29
Y,TAT,0.56
Y,TAC,0.44
*,TAA,0.48
*,TAG,0.24
L,CTT,0.13
L,CTC,0.06
L,CTA,0.14
L,CTG,0.11
H,CAT,0.64
H,CAC,0.36
Q,CAA,0.69
Q,CAG,0.31
I,ATT,0.46
I,ATC,0.26
I,ATA,0.27
M,ATG,1
N,AAT,0.59
N,AAC,0.41
K,AAA,0.58
K,AAG,0.42
V,GTT,0.39
V,GTC,0.21
V,GTA,0.21
V,GTG,0.19
D,GAT,0.65
D,GAC,0.35
E,GAA,0.71
E,GAG,0.29
S,TCT,0.26
S,TCC,0.16
S,TCA,0.21
S,TCG,0.1
C,TGT,0.63
C,TGC,0.37
*,TGA,0.29
W,TGG,1
P,CCT,0.31
P,CCC,0.15
P,CCA,0.41
P,CCG,0.12
R,CGT,0.15
R,CGC,0.06
R,CGA,0.07
R,CGG,0.04
T,ACT,0.35
T,ACC,0.22
T,ACA,0.3
T,ACG,0.13
S,AGT,0.16
S,AGC,0.11
R,AGA,0.48
R,AGG,0.21
A,GCT,0.38
A,GCC,0.22
A,GCA,0.29
A,GCG,0.11
G,GGT,0.47
G,GGC,0.19
G,GGA,0.22
G,GGG,0.12